Date,Text,Mood,ScreenTime
2026-03-19,"low
",Negative,4.0
2026-03-19,"yes i had a blast
",Anger,4.0
2026-03-19,"yes, i had a blast 
",Positive,4.0
2026-03-19,This app is fire!,Neutral,8.71
2026-03-19,This app is fire!,Neutral,1.57
2026-03-19,"This new update is absolute fire, no cap.",Neutral,5.0
2026-03-19,"This new update is absolute fire, no cap.",Neutral,2.13
2026-03-19,She totally ate that performance and left no crumbs.,Neutral,2.13
2026-03-19,"I'm terrified about the presentation, but I'm also really proud of the work I did.",Negative,2.13
2026-03-19,I am sitting on a chair looking at the wall.,Neutral,2.13
2026-03-19,"Oh great, another meeting that could have been an email. Just what I wanted.",Positive,5.68
2026-03-19,I am sitting on a chair looking at the wall.,Neutral,5.68
2026-03-19,"Finished all my tasks early, feeling like a GOAT.",Positive,3.74
2026-03-19,"Missing my friends today, it's been a quiet one.",Negative,10.52
2026-03-19,I've been scrolling for hours and my head hurts.,Negative,10.52
2026-03-19,I've been scrolling for hours and my head hurts.,Negative,10.52
2026-03-19,"This new update is absolute fire, no cap.",Positive,10.52
2026-03-19,"Finished all my tasks early, feeling like a GOAT.",Positive,8.26
